,language,architecture,n_models,n_multilingual,mean_n_langs,n_monolingual,n_goldfish,n_english
0,mco,autoregressive,1,0,0,,0,0,0
0,mco,bidirectional,1,1,1,468.0,0,0,1
0,cmn,autoregressive,0,0,0,,0,0,0
0,cmn,bidirectional,0,0,0,,0,0,0
0,glk,autoregressive,6,3,0,1.0,3,3,0
0,glk,bidirectional,6,3,3,307.3333333333333,0,0,3
0,cdo,autoregressive,2,0,0,,0,0,0
0,cdo,bidirectional,2,2,2,227.0,0,0,2
0,fao,autoregressive,55,51,17,30.529411764705884,34,4,17
0,fao,bidirectional,55,4,4,232.75,0,0,4
0,ceb,autoregressive,47,35,31,81.02857142857142,4,4,31
0,ceb,bidirectional,47,12,12,143.0,0,0,12
0,ssw,autoregressive,30,28,25,107.5,3,3,25
0,ssw,bidirectional,30,2,2,239.5,0,0,2
0,smo,autoregressive,13,11,7,110.81818181818181,4,4,7
0,smo,bidirectional,13,2,2,277.5,0,0,2
0,hch,autoregressive,1,0,0,,0,0,0
0,hch,bidirectional,1,1,1,468.0,0,0,1
0,dyu,autoregressive,6,5,2,128.2,3,3,2
0,dyu,bidirectional,6,1,1,468.0,0,0,1
0,nus,autoregressive,1,0,0,,0,0,0
0,nus,bidirectional,1,1,1,468.0,0,0,1
0,bbc,autoregressive,7,6,4,108.66666666666667,2,2,4
0,bbc,bidirectional,7,1,1,468.0,0,0,1
0,que,autoregressive,50,43,39,78.4186046511628,4,10,33
0,que,bidirectional,50,7,7,176.57142857142858,0,0,7
0,bam,autoregressive,107,106,103,52.113207547169814,3,3,103
0,bam,bidirectional,107,1,1,468.0,0,0,1
0,ctu,autoregressive,4,3,3,213.33333333333334,0,0,2
0,ctu,bidirectional,4,1,1,468.0,0,0,1
0,lua,autoregressive,10,9,0,1.0,9,3,0
0,lua,bidirectional,10,1,1,468.0,0,0,1
0,alt,autoregressive,6,5,2,128.2,3,3,2
0,alt,bidirectional,6,1,1,468.0,0,0,1
0,bxr,autoregressive,10,7,7,35.142857142857146,0,3,4
0,bxr,bidirectional,10,3,3,307.3333333333333,0,0,3
0,ayr,autoregressive,4,3,3,2.0,0,3,0
0,ayr,bidirectional,4,1,1,468.0,0,0,1
0,rop,autoregressive,1,0,0,,0,0,0
0,rop,bidirectional,1,1,1,468.0,0,0,1
0,stq,autoregressive,5,2,2,319.0,0,0,2
0,stq,bidirectional,5,3,3,307.3333333333333,0,0,3
0,swa,autoregressive,328,255,204,40.666666666666664,51,4,201
0,swa,bidirectional,328,73,69,53.80821917808219,4,0,64
0,lmo,autoregressive,10,7,3,47.714285714285715,4,4,3
0,lmo,bidirectional,10,3,3,307.3333333333333,0,0,3
0,zai,autoregressive,2,1,0,1.0,1,0,0
0,zai,bidirectional,2,1,1,468.0,0,0,1
0,nav,autoregressive,7,4,4,240.25,0,0,4
0,nav,bidirectional,7,3,3,307.3333333333333,0,0,3
0,rcf,autoregressive,3,2,2,319.0,0,0,2
0,rcf,bidirectional,3,1,1,468.0,0,0,1
0,pap,autoregressive,12,9,5,108.0,4,4,5
0,pap,bidirectional,12,3,3,307.3333333333333,0,0,3
0,bod,autoregressive,24,20,12,70.05,8,4,12
0,bod,bidirectional,24,4,4,252.25,0,0,4
0,bqc,autoregressive,5,4,2,160.0,2,2,2
0,bqc,bidirectional,5,1,1,468.0,0,0,1
0,kjh,autoregressive,5,4,2,160.0,2,2,2
0,kjh,bidirectional,5,1,1,468.0,0,0,1
0,fry,autoregressive,58,35,31,107.25714285714285,4,4,31
0,fry,bidirectional,58,23,23,121.26086956521739,0,0,23
0,fil,autoregressive,37,36,32,35.27777777777778,4,4,30
0,fil,bidirectional,37,1,1,468.0,0,0,1
0,bel,autoregressive,99,69,65,77.69565217391305,4,4,64
0,bel,bidirectional,99,30,30,104.2,0,0,29
0,csb,autoregressive,3,0,0,,0,0,0
0,csb,bidirectional,3,3,3,307.3333333333333,0,0,3
0,lus,autoregressive,7,6,2,107.0,4,4,2
0,lus,bidirectional,7,1,1,468.0,0,0,1
0,lav,autoregressive,214,168,161,50.029761904761905,7,10,153
0,lav,bidirectional,214,46,41,78.80434782608695,5,0,41
0,aoj,autoregressive,1,0,0,,0,0,0
0,aoj,bidirectional,1,1,1,468.0,0,0,1
0,vie,autoregressive,1507,1304,1150,18.529141104294478,154,4,1144
0,vie,bidirectional,1507,203,94,21.004926108374384,109,0,89
0,tca,autoregressive,3,2,2,319.0,0,0,2
0,tca,bidirectional,3,1,1,468.0,0,0,1
0,kon,autoregressive,15,14,10,92.71428571428571,4,3,10
0,kon,bidirectional,15,1,1,468.0,0,0,1
0,bik,autoregressive,8,7,4,92.14285714285714,3,5,2
0,bik,bidirectional,8,1,1,468.0,0,0,1
0,lrc,autoregressive,5,2,2,319.0,0,0,2
0,lrc,bidirectional,5,3,3,307.3333333333333,0,0,3
0,als,autoregressive,7,4,4,2.0,0,4,0
0,als,bidirectional,7,3,3,307.3333333333333,0,0,3
0,orm,autoregressive,67,48,44,80.20833333333333,4,7,40
0,orm,bidirectional,67,19,19,122.42105263157895,0,0,19
0,hak,autoregressive,3,0,0,,0,0,0
0,hak,bidirectional,3,3,3,307.3333333333333,0,0,3
0,mkd,autoregressive,88,56,45,86.14285714285714,11,4,45
0,mkd,bidirectional,88,32,32,105.125,0,0,32
0,tzm,autoregressive,1,0,0,,0,0,0
0,tzm,bidirectional,1,1,1,468.0,0,0,1
0,lij,autoregressive,9,6,3,55.5,3,3,3
0,lij,bidirectional,9,3,3,307.3333333333333,0,0,3
0,bak,autoregressive,36,25,17,70.8,8,6,15
0,bak,bidirectional,36,11,11,136.36363636363637,0,0,9
0,hye,autoregressive,93,61,56,83.24590163934427,5,4,56
0,hye,bidirectional,93,32,32,103.59375,0,0,32
0,naq,autoregressive,1,0,0,,0,0,0
0,naq,bidirectional,1,1,1,468.0,0,0,1
0,tat,autoregressive,37,18,13,78.94444444444444,5,4,13
0,tat,bidirectional,37,19,19,86.73684210526316,0,0,18
0,mos,autoregressive,5,4,0,1.0,4,3,0
0,mos,bidirectional,5,1,1,468.0,0,0,1
0,msa,autoregressive,426,368,312,27.20108695652174,56,20,294
0,msa,bidirectional,426,58,49,57.275862068965516,9,0,48
0,ven,autoregressive,8,6,3,137.33333333333334,3,3,3
0,ven,bidirectional,8,2,2,239.5,0,0,2
0,ile,autoregressive,7,4,4,129.5,0,0,4
0,ile,bidirectional,7,3,3,307.3333333333333,0,0,3
0,tir,autoregressive,27,19,9,60.421052631578945,10,4,8
0,tir,bidirectional,27,8,3,59.875,5,0,1
0,gsw,autoregressive,9,7,2,91.85714285714286,5,4,2
0,gsw,bidirectional,9,2,2,245.5,0,0,2
0,lao,autoregressive,191,167,158,39.16167664670659,9,4,158
0,lao,bidirectional,191,24,23,108.41666666666667,1,0,23
0,mrj,autoregressive,7,4,4,160.5,0,2,2
0,mrj,bidirectional,7,3,3,307.3333333333333,0,0,3
0,sah,autoregressive,13,8,3,80.75,5,4,3
0,sah,bidirectional,13,5,5,204.2,0,0,4
0,tgk,autoregressive,42,31,26,89.7741935483871,5,4,26
0,tgk,bidirectional,42,11,10,143.36363636363637,1,0,10
0,zlm,autoregressive,1,0,0,,0,0,0
0,zlm,bidirectional,1,1,1,468.0,0,0,1
0,pir,autoregressive,1,0,0,,0,0,0
0,pir,bidirectional,1,1,1,468.0,0,0,1
0,che,autoregressive,20,11,8,109.18181818181819,3,3,8
0,che,bidirectional,20,9,9,165.11111111111111,0,0,9
0,ltz,autoregressive,43,37,29,81.37837837837837,8,4,28
0,ltz,bidirectional,43,6,5,183.33333333333334,1,0,5
0,djk,autoregressive,3,2,2,319.0,0,0,2
0,djk,bidirectional,3,1,1,468.0,0,0,1
0,hmn,autoregressive,7,6,2,107.0,4,4,2
0,hmn,bidirectional,7,1,1,468.0,0,0,1
0,mar,autoregressive,298,231,216,46.16450216450217,15,4,212
0,mar,bidirectional,298,67,48,53.28358208955224,19,0,40
0,mzh,autoregressive,1,0,0,,0,0,0
0,mzh,bidirectional,1,1,1,468.0,0,0,1
0,koi,autoregressive,5,2,2,319.0,0,0,2
0,koi,bidirectional,5,3,3,307.3333333333333,0,0,3
0,tzh,autoregressive,3,2,2,319.0,0,0,2
0,tzh,bidirectional,3,1,1,468.0,0,0,1
0,nld,autoregressive,915,762,678,23.41994750656168,84,4,673
0,nld,bidirectional,915,153,80,27.013071895424837,73,0,75
0,ben,autoregressive,521,425,369,33.36235294117647,56,4,365
0,ben,bidirectional,521,96,61,39.291666666666664,35,0,48
0,mkw,autoregressive,2,2,0,1.0,2,2,0
0,mkw,bidirectional,2,0,0,,0,0,0
0,ina,autoregressive,12,8,5,66.125,3,3,5
0,ina,bidirectional,12,4,4,240.0,0,0,4
0,hrv,autoregressive,237,194,186,44.04123711340206,8,4,184
0,hrv,bidirectional,237,43,37,80.18604651162791,6,0,35
0,bas,autoregressive,5,4,4,179.0,0,0,4
0,bas,bidirectional,5,1,1,468.0,0,0,1
0,zul,autoregressive,179,169,163,51.55029585798817,6,4,160
0,zul,bidirectional,179,10,10,67.1,0,0,10
0,knc,autoregressive,8,7,7,2.0,0,7,0
0,knc,bidirectional,8,1,1,468.0,0,0,1
0,chm,autoregressive,11,11,8,59.45454545454545,3,8,3
0,chm,bidirectional,11,0,0,,0,0,0
0,bih,autoregressive,1,0,0,,0,0,0
0,bih,bidirectional,1,1,1,468.0,0,0,1
0,yap,autoregressive,3,2,2,319.0,0,0,2
0,yap,bidirectional,3,1,1,468.0,0,0,1
0,oss,autoregressive,15,12,9,100.58333333333333,3,3,9
0,oss,bidirectional,15,3,3,307.3333333333333,0,0,3
0,nno,autoregressive,113,90,90,31.255555555555556,0,4,79
0,nno,bidirectional,113,23,23,68.30434782608695,0,0,12
0,nds,autoregressive,12,3,0,1.0,3,3,0
0,nds,bidirectional,12,9,9,165.44444444444446,0,0,9
0,khk,autoregressive,5,4,4,2.0,0,4,0
0,khk,bidirectional,5,1,1,468.0,0,0,1
0,lad,autoregressive,3,0,0,,0,0,0
0,lad,bidirectional,3,3,3,307.3333333333333,0,0,3
0,deu,autoregressive,5587,5222,4949,10.317311374952126,273,4,4919
0,deu,bidirectional,5587,365,203,14.887671232876713,162,0,195
0,tab,autoregressive,3,2,2,319.0,0,0,2
0,tab,bidirectional,3,1,1,468.0,0,0,1
0,som,autoregressive,76,51,45,87.94117647058823,6,4,45
0,som,bidirectional,76,25,24,108.32,1,0,24
0,arz,autoregressive,16,9,4,1.4444444444444444,5,4,0
0,arz,bidirectional,16,7,7,133.14285714285714,0,0,3
0,udm,autoregressive,8,5,2,128.2,3,3,2
0,udm,bidirectional,8,3,3,307.3333333333333,0,0,3
0,arq,autoregressive,2,0,0,,0,0,0
0,arq,bidirectional,2,2,2,240.0,0,0,1
0,run,autoregressive,100,99,96,51.666666666666664,3,3,96
0,run,bidirectional,100,1,1,468.0,0,0,1
0,arg,autoregressive,26,15,12,48.0,3,3,10
0,arg,bidirectional,26,11,11,128.45454545454547,0,0,8
0,wol,autoregressive,150,146,141,54.0,5,3,140
0,wol,bidirectional,150,4,4,234.75,0,0,4
0,diq,autoregressive,6,3,3,2.0,0,3,0
0,diq,bidirectional,6,3,3,307.3333333333333,0,0,3
0,hif,autoregressive,8,5,2,128.2,3,3,2
0,hif,bidirectional,8,3,3,307.3333333333333,0,0,3
0,aym,autoregressive,18,14,11,84.57142857142857,3,6,7
0,aym,bidirectional,18,4,4,231.5,0,0,3
0,aze,autoregressive,115,75,58,68.74666666666667,17,19,49
0,aze,bidirectional,115,40,33,81.075,7,0,31
0,pcd,autoregressive,3,0,0,,0,0,0
0,pcd,bidirectional,3,3,3,307.3333333333333,0,0,3
0,taq,autoregressive,1,0,0,,0,0,0
0,taq,bidirectional,1,1,1,468.0,0,0,1
0,sus,autoregressive,3,2,2,319.0,0,0,2
0,sus,bidirectional,3,1,1,468.0,0,0,1
0,kua,autoregressive,7,6,6,192.66666666666666,0,0,6
0,kua,bidirectional,7,1,1,468.0,0,0,1
0,fon,autoregressive,98,97,94,49.16494845360825,3,3,94
0,fon,bidirectional,98,1,1,468.0,0,0,1
0,mad,autoregressive,6,4,2,160.0,2,2,2
0,mad,bidirectional,6,2,2,238.5,0,0,1
0,uzb,autoregressive,119,85,72,59.95294117647059,13,16,64
0,uzb,bidirectional,119,34,27,82.88235294117646,7,0,25
0,chr,autoregressive,5,2,2,319.0,0,0,2
0,chr,bidirectional,5,3,3,307.3333333333333,0,0,3
0,mam,autoregressive,5,4,2,160.0,2,2,2
0,mam,bidirectional,5,1,1,468.0,0,0,1
0,bgp,autoregressive,4,4,2,160.0,2,2,2
0,bgp,bidirectional,4,0,0,,0,0,0
0,lvs,autoregressive,4,3,3,2.0,0,3,0
0,lvs,bidirectional,4,1,1,468.0,0,0,1
0,mag,autoregressive,23,21,5,46.857142857142854,16,2,5
0,mag,bidirectional,23,2,2,235.0,0,0,2
0,lat,autoregressive,83,52,45,76.67307692307692,7,4,44
0,lat,bidirectional,83,31,30,97.03225806451613,1,0,30
0,nij,autoregressive,3,2,2,319.0,0,0,2
0,nij,bidirectional,3,1,1,468.0,0,0,1
0,ckb,autoregressive,15,11,11,102.36363636363636,0,4,7
0,ckb,bidirectional,15,4,4,253.0,0,0,4
0,quc,autoregressive,3,2,2,319.0,0,0,2
0,quc,bidirectional,3,1,1,468.0,0,0,1
0,srp,autoregressive,281,241,223,38.365145228215766,18,8,221
0,srp,bidirectional,281,40,36,83.6,4,0,35
0,toj,autoregressive,3,2,2,319.0,0,0,2
0,toj,bidirectional,3,1,1,468.0,0,0,1
0,guj,autoregressive,277,229,205,44.951965065502186,24,8,201
0,guj,bidirectional,277,48,46,74.97916666666667,2,0,43
0,mns,autoregressive,1,0,0,,0,0,0
0,mns,bidirectional,1,1,1,468.0,0,0,1
0,pck,autoregressive,5,4,2,160.0,2,2,2
0,pck,bidirectional,5,1,1,468.0,0,0,1
0,gor,autoregressive,3,2,2,319.0,0,0,2
0,gor,bidirectional,3,1,1,468.0,0,0,1
0,wal,autoregressive,5,4,4,179.0,0,0,4
0,wal,bidirectional,5,1,1,468.0,0,0,1
0,tgl,autoregressive,221,168,157,37.125,11,4,157
0,tgl,bidirectional,221,53,46,63.320754716981135,7,0,46
0,lim,autoregressive,35,32,27,84.5625,5,4,26
0,lim,bidirectional,35,3,3,307.3333333333333,0,0,3
0,tlh,autoregressive,5,4,2,160.0,2,2,2
0,tlh,bidirectional,5,1,1,468.0,0,0,1
0,ctd,autoregressive,4,3,0,1.0,3,3,0
0,ctd,bidirectional,4,1,1,468.0,0,0,1
0,scn,autoregressive,19,11,6,32.27272727272727,5,4,4
0,scn,bidirectional,19,8,8,174.875,0,0,8
0,tdt,autoregressive,1,0,0,,0,0,0
0,tdt,bidirectional,1,1,1,468.0,0,0,1
0,asm,autoregressive,194,167,162,55.8562874251497,5,4,159
0,asm,bidirectional,194,27,25,91.22222222222223,2,0,22
0,ekk,autoregressive,4,3,3,2.0,0,3,0
0,ekk,bidirectional,4,1,1,468.0,0,0,1
0,tum,autoregressive,94,93,90,43.58064516129032,3,3,90
0,tum,bidirectional,94,1,1,468.0,0,0,1
0,yom,autoregressive,1,0,0,,0,0,0
0,yom,bidirectional,1,1,1,468.0,0,0,1
0,cym,autoregressive,139,107,94,62.177570093457945,13,4,94
0,cym,bidirectional,139,32,32,102.8125,0,0,32
0,bul,autoregressive,342,262,232,36.530534351145036,30,4,217
0,bul,bidirectional,342,80,72,50.3375,8,0,71
0,top,autoregressive,2,1,1,2.0,0,0,0
0,top,bidirectional,2,1,1,468.0,0,0,1
0,olo,autoregressive,3,0,0,,0,0,0
0,olo,bidirectional,3,3,3,307.3333333333333,0,0,3
0,ium,autoregressive,3,2,2,319.0,0,0,2
0,ium,bidirectional,3,1,1,468.0,0,0,1
0,csy,autoregressive,1,0,0,,0,0,0
0,csy,bidirectional,1,1,1,468.0,0,0,1
0,tok,autoregressive,1,0,0,,0,0,0
0,tok,bidirectional,1,1,1,468.0,0,0,1
0,kir,autoregressive,92,61,56,78.39344262295081,5,4,56
0,kir,bidirectional,92,31,31,104.96774193548387,0,0,30
0,sco,autoregressive,13,4,1,2.0,3,3,1
0,sco,bidirectional,13,9,9,158.66666666666666,0,0,9
0,cuk,autoregressive,3,2,2,319.0,0,0,2
0,cuk,bidirectional,3,1,1,468.0,0,0,1
0,sun,autoregressive,137,110,104,41.58181818181818,6,4,100
0,sun,bidirectional,137,27,24,103.62962962962963,3,0,23
0,syr,autoregressive,5,5,2,128.2,3,3,2
0,syr,bidirectional,5,0,0,,0,0,0
0,bjn,autoregressive,6,3,3,2.0,0,3,0
0,bjn,bidirectional,6,3,3,307.3333333333333,0,0,3
0,hun,autoregressive,413,354,332,33.85028248587571,22,4,328
0,hun,bidirectional,413,59,42,59.96610169491525,17,0,39
0,kbp,autoregressive,8,7,4,102.71428571428571,3,3,4
0,kbp,bidirectional,8,1,1,468.0,0,0,1
0,roh,autoregressive,31,27,24,109.44444444444444,3,3,24
0,roh,bidirectional,31,4,4,240.0,0,0,4
0,eus,autoregressive,268,235,216,45.42553191489362,19,4,216
0,eus,bidirectional,268,33,31,97.84848484848484,2,0,31
0,ces,autoregressive,670,607,567,27.2668863261944,40,4,547
0,ces,bidirectional,670,63,52,60.19047619047619,11,0,49
0,lbe,autoregressive,4,3,0,1.0,3,3,0
0,lbe,bidirectional,4,1,1,468.0,0,0,1
0,fur,autoregressive,9,6,3,55.5,3,3,3
0,fur,bidirectional,9,3,3,307.3333333333333,0,0,3
0,tur,autoregressive,1156,850,591,18.18941176470588,259,4,587
0,tur,bidirectional,1156,306,102,14.92483660130719,204,0,97
0,uig,autoregressive,48,29,22,95.79310344827586,7,6,22
0,uig,bidirectional,48,19,19,125.0,0,0,19
0,bis,autoregressive,21,19,19,65.42105263157895,0,0,19
0,bis,bidirectional,21,2,2,239.0,0,0,1
0,ace,autoregressive,10,5,2,128.2,3,3,2
0,ace,bidirectional,10,5,3,184.8,2,0,3
0,cre,autoregressive,5,4,4,129.5,0,0,4
0,cre,bidirectional,5,1,1,87.0,0,0,1
0,est,autoregressive,224,180,174,48.333333333333336,6,7,169
0,est,bidirectional,224,44,42,82.4090909090909,2,0,42
0,pag,autoregressive,11,8,5,121.375,3,3,5
0,pag,bidirectional,11,3,3,307.3333333333333,0,0,3
0,lub,autoregressive,8,7,5,153.85714285714286,2,2,5
0,lub,bidirectional,8,1,1,468.0,0,0,1
0,cak,autoregressive,5,4,2,160.0,2,2,2
0,cak,bidirectional,5,1,1,468.0,0,0,1
0,seh,autoregressive,3,2,2,319.0,0,0,2
0,seh,bidirectional,3,1,1,468.0,0,0,1
0,ext,autoregressive,3,0,0,,0,0,0
0,ext,bidirectional,3,3,3,307.3333333333333,0,0,3
0,vep,autoregressive,5,2,0,1.0,2,2,0
0,vep,bidirectional,5,3,3,307.3333333333333,0,0,3
0,zsm,autoregressive,10,9,9,18.11111111111111,0,4,5
0,zsm,bidirectional,10,1,1,468.0,0,0,1
0,tsn,autoregressive,125,120,116,58.858333333333334,4,4,116
0,tsn,bidirectional,125,5,4,186.8,1,0,4
0,zap,autoregressive,4,4,2,160.0,2,2,2
0,zap,bidirectional,4,0,0,,0,0,0
0,kik,autoregressive,104,103,101,46.349514563106794,2,2,96
0,kik,bidirectional,104,1,1,468.0,0,0,1
0,khm,autoregressive,209,173,166,38.104046242774565,7,4,164
0,khm,bidirectional,209,36,31,79.66666666666667,5,0,31
0,ary,autoregressive,17,12,8,1.75,4,0,1
0,ary,bidirectional,17,5,4,97.4,1,0,1
0,eng,autoregressive,75577,66022,13348,1.9737057344521522,52674,4,66022
0,eng,bidirectional,75577,9555,654,1.6051282051282052,8901,0,9555
0,fuv,autoregressive,4,3,3,2.0,0,3,0
0,fuv,bidirectional,4,1,1,468.0,0,0,1
0,mau,autoregressive,1,0,0,,0,0,0
0,mau,bidirectional,1,1,1,468.0,0,0,1
0,ksd,autoregressive,3,2,2,319.0,0,0,2
0,ksd,bidirectional,3,1,1,468.0,0,0,1
0,pau,autoregressive,3,2,2,319.0,0,0,2
0,pau,bidirectional,3,1,1,468.0,0,0,1
0,ltg,autoregressive,8,5,5,128.8,0,3,2
0,ltg,bidirectional,8,3,3,307.3333333333333,0,0,3
0,snd,autoregressive,82,62,58,81.85483870967742,4,4,58
0,snd,bidirectional,82,20,20,123.1,0,0,20
0,glv,autoregressive,11,8,6,144.75,2,2,6
0,glv,bidirectional,11,3,3,307.3333333333333,0,0,3
0,abk,autoregressive,41,13,7,42.30769230769231,6,3,6
0,abk,bidirectional,41,28,11,18.285714285714285,17,0,2
0,mak,autoregressive,4,2,2,319.0,0,0,2
0,mak,bidirectional,4,2,2,238.5,0,0,1
0,bzd,autoregressive,1,0,0,,0,0,0
0,bzd,bidirectional,1,1,1,468.0,0,0,1
0,hui,autoregressive,3,2,2,319.0,0,0,2
0,hui,bidirectional,3,1,1,468.0,0,0,1
0,cos,autoregressive,13,10,6,116.0,4,4,6
0,cos,bidirectional,13,3,3,307.3333333333333,0,0,3
0,pam,autoregressive,8,5,2,128.2,3,3,2
0,pam,bidirectional,8,3,3,307.3333333333333,0,0,3
0,sag,autoregressive,9,8,5,127.25,3,3,5
0,sag,bidirectional,9,1,1,468.0,0,0,1
0,quy,autoregressive,7,6,6,107.66666666666667,0,4,2
0,quy,bidirectional,7,1,1,468.0,0,0,1
0,szl,autoregressive,9,6,3,55.5,3,3,3
0,szl,bidirectional,9,3,3,307.3333333333333,0,0,3
0,tam,autoregressive,380,318,282,35.314465408805034,36,6,273
0,tam,bidirectional,380,62,56,59.354838709677416,6,0,51
0,nyu,autoregressive,3,2,2,319.0,0,0,2
0,nyu,bidirectional,3,1,1,468.0,0,0,1
0,pon,autoregressive,5,4,2,160.0,2,2,2
0,pon,bidirectional,5,1,1,468.0,0,0,1
0,nob,autoregressive,75,43,43,26.790697674418606,0,4,31
0,nob,bidirectional,75,32,32,47.625,0,0,10
0,suz,autoregressive,3,2,2,319.0,0,0,2
0,suz,bidirectional,3,1,1,468.0,0,0,1
0,zza,autoregressive,9,8,5,80.875,3,6,2
0,zza,bidirectional,9,1,1,468.0,0,0,1
0,swe,autoregressive,607,534,509,28.05805243445693,25,4,489
0,swe,bidirectional,607,73,61,51.38356164383562,12,0,46
0,sat,autoregressive,4,3,1,7.666666666666667,2,2,1
0,sat,bidirectional,4,1,1,468.0,0,0,1
0,rug,autoregressive,1,0,0,,0,0,0
0,rug,bidirectional,1,1,1,468.0,0,0,1
0,mah,autoregressive,6,5,5,215.0,0,0,5
0,mah,bidirectional,6,1,1,468.0,0,0,1
0,bsb,autoregressive,2,2,0,1.0,2,2,0
0,bsb,bidirectional,2,0,0,,0,0,0
0,frr,autoregressive,3,2,0,1.0,2,2,0
0,frr,bidirectional,3,1,1,468.0,0,0,1
0,grn,autoregressive,30,27,24,113.81481481481481,3,3,24
0,grn,bidirectional,30,3,3,307.3333333333333,0,0,3
0,pbt,autoregressive,5,4,4,2.0,0,4,0
0,pbt,bidirectional,5,1,1,468.0,0,0,1
0,oci,autoregressive,72,64,60,57.34375,4,4,60
0,oci,bidirectional,72,8,8,174.875,0,0,8
0,kri,autoregressive,3,2,2,319.0,0,0,2
0,kri,bidirectional,3,1,1,468.0,0,0,1
0,kmb,autoregressive,6,5,2,128.2,3,3,2
0,kmb,bidirectional,6,1,1,468.0,0,0,1
0,pnb,autoregressive,12,4,0,1.0,4,4,0
0,pnb,bidirectional,12,8,8,174.875,0,0,8
0,ote,autoregressive,1,0,0,,0,0,0
0,ote,bidirectional,1,1,1,468.0,0,0,1
0,nde,autoregressive,7,6,3,73.33333333333333,3,3,3
0,nde,bidirectional,7,1,1,468.0,0,0,1
0,mya,autoregressive,246,212,160,32.820754716981135,52,4,160
0,mya,bidirectional,246,34,33,95.97058823529412,1,0,33
0,kom,autoregressive,14,11,8,98.54545454545455,3,5,5
0,kom,bidirectional,14,3,3,307.3333333333333,0,0,3
0,rus,autoregressive,2612,2274,1931,13.322779243623572,343,7,1915
0,rus,bidirectional,2612,338,181,15.192307692307692,157,0,164
0,hne,autoregressive,8,7,5,138.57142857142858,2,2,5
0,hne,bidirectional,8,1,1,468.0,0,0,1
0,nch,autoregressive,1,0,0,,0,0,0
0,nch,bidirectional,1,1,1,468.0,0,0,1
0,iku,autoregressive,9,9,6,128.77777777777777,3,3,6
0,iku,bidirectional,9,0,0,,0,0,0
0,sot,autoregressive,106,103,99,50.359223300970875,4,4,99
0,sot,bidirectional,106,3,3,165.33333333333334,0,0,3
0,sgs,autoregressive,3,0,0,,0,0,0
0,sgs,bidirectional,3,3,3,307.3333333333333,0,0,3
0,crh,autoregressive,10,7,2,91.85714285714286,5,5,2
0,crh,bidirectional,10,3,3,307.3333333333333,0,0,3
0,dzo,autoregressive,10,8,6,144.75,2,2,6
0,dzo,bidirectional,10,2,2,235.0,0,0,1
0,mri,autoregressive,37,33,29,68.0909090909091,4,4,28
0,mri,bidirectional,37,4,4,252.25,0,0,4
0,ron,autoregressive,634,583,548,25.740994854202402,35,4,544
0,ron,bidirectional,634,51,45,70.41176470588235,6,0,44
0,mlt,autoregressive,135,128,124,46.328125,4,4,124
0,mlt,bidirectional,135,7,6,162.57142857142858,1,0,6
0,bts,autoregressive,3,2,2,319.0,0,0,2
0,bts,bidirectional,3,1,1,468.0,0,0,1
0,lzh,autoregressive,7,4,4,2.0,0,3,0
0,lzh,bidirectional,7,3,3,307.3333333333333,0,0,3
0,tyv,autoregressive,15,10,7,88.4,3,3,7
0,tyv,bidirectional,15,5,5,186.6,0,0,3
0,tuk,autoregressive,18,14,10,80.28571428571429,4,4,10
0,tuk,bidirectional,18,4,4,253.0,0,0,4
0,bpy,autoregressive,7,2,0,1.0,2,2,0
0,bpy,bidirectional,7,5,5,189.6,0,0,3
0,pms,autoregressive,9,3,0,1.0,3,3,0
0,pms,bidirectional,9,6,6,157.5,0,0,6
0,gaz,autoregressive,4,3,3,2.0,0,3,0
0,gaz,bidirectional,4,1,1,468.0,0,0,1
0,guc,autoregressive,3,2,2,319.0,0,0,2
0,guc,bidirectional,3,1,1,468.0,0,0,1
0,ikk,autoregressive,1,0,0,,0,0,0
0,ikk,bidirectional,1,1,1,468.0,0,0,1
0,zne,autoregressive,3,2,2,319.0,0,0,2
0,zne,bidirectional,3,1,1,468.0,0,0,1
0,rue,autoregressive,5,2,0,1.0,2,2,0
0,rue,bidirectional,5,3,3,307.3333333333333,0,0,3
0,azj,autoregressive,5,4,4,2.0,0,4,0
0,azj,bidirectional,5,1,1,468.0,0,0,1
0,kpg,autoregressive,1,0,0,,0,0,0
0,kpg,bidirectional,1,1,1,468.0,0,0,1
0,por,autoregressive,4582,4302,4048,12.125987912598791,254,4,4041
0,por,bidirectional,4582,280,137,16.1,143,0,130
0,myv,autoregressive,8,5,2,128.2,3,3,2
0,myv,bidirectional,8,3,3,307.3333333333333,0,0,3
0,nhe,autoregressive,5,4,2,160.0,2,2,2
0,nhe,bidirectional,5,1,1,468.0,0,0,1
0,ibo,autoregressive,159,151,147,56.682119205298015,4,4,145
0,ibo,bidirectional,159,8,7,120.125,1,0,6
0,ixl,autoregressive,1,0,0,,0,0,0
0,ixl,bidirectional,1,1,1,468.0,0,0,1
0,pdc,autoregressive,3,0,0,,0,0,0
0,pdc,bidirectional,3,3,3,307.3333333333333,0,0,3
0,ncj,autoregressive,1,0,0,,0,0,0
0,ncj,bidirectional,1,1,1,468.0,0,0,1
0,crs,autoregressive,3,2,2,319.0,0,0,2
0,crs,bidirectional,3,1,1,468.0,0,0,1
0,zea,autoregressive,3,0,0,,0,0,0
0,zea,bidirectional,3,3,3,307.3333333333333,0,0,3
0,nrm,autoregressive,3,0,0,,0,0,0
0,nrm,bidirectional,3,3,3,307.3333333333333,0,0,3
0,gvc,autoregressive,1,0,0,,0,0,0
0,gvc,bidirectional,1,1,1,468.0,0,0,1
0,skr,autoregressive,3,2,2,319.0,0,0,2
0,skr,bidirectional,3,1,1,468.0,0,0,1
0,lin,autoregressive,134,130,127,61.93076923076923,3,3,127
0,lin,bidirectional,134,4,4,234.75,0,0,4
0,kmr,autoregressive,4,3,3,2.0,0,3,0
0,kmr,bidirectional,4,1,1,468.0,0,0,1
0,tpi,autoregressive,13,12,8,45.666666666666664,4,3,8
0,tpi,bidirectional,13,1,1,468.0,0,0,1
0,btk,autoregressive,1,0,0,,0,0,0
0,btk,bidirectional,1,1,1,9.0,0,0,0
0,chv,autoregressive,25,15,11,93.53333333333333,4,4,11
0,chv,bidirectional,25,10,10,144.6,0,0,9
0,mps,autoregressive,5,3,3,215.66666666666666,0,0,3
0,mps,bidirectional,5,2,2,238.5,0,0,2
0,din,autoregressive,10,9,6,72.22222222222223,3,6,3
0,din,bidirectional,10,1,1,468.0,0,0,1
0,fin,autoregressive,621,570,497,23.852631578947367,73,4,482
0,fin,bidirectional,621,51,47,72.25490196078431,4,0,47
0,tbz,autoregressive,5,4,2,160.0,2,2,2
0,tbz,bidirectional,5,1,1,468.0,0,0,1
0,awa,autoregressive,6,5,5,193.6,0,0,5
0,awa,bidirectional,6,1,1,468.0,0,0,1
0,jpn,autoregressive,3869,3664,2977,9.343613537117903,687,4,2959
0,jpn,bidirectional,3869,205,109,22.11219512195122,96,0,104
0,cat,autoregressive,365,310,299,40.07419354838709,11,4,284
0,cat,bidirectional,365,55,38,63.981818181818184,17,0,38
0,tzo,autoregressive,5,4,2,160.0,2,2,2
0,tzo,bidirectional,5,1,1,468.0,0,0,1
0,kam,autoregressive,8,7,7,100.0,0,0,7
0,kam,bidirectional,8,1,1,468.0,0,0,1
0,hmo,autoregressive,7,6,6,192.66666666666666,0,0,6
0,hmo,bidirectional,7,1,1,468.0,0,0,1
0,lug,autoregressive,135,131,126,60.0,5,4,126
0,lug,bidirectional,135,4,4,234.75,0,0,4
0,nap,autoregressive,5,2,0,1.0,2,2,0
0,nap,bidirectional,5,3,3,307.3333333333333,0,0,3
0,kab,autoregressive,6,3,0,1.0,3,3,0
0,kab,bidirectional,6,3,3,307.3333333333333,0,0,3
0,anw,autoregressive,0,0,0,,0,0,0
0,anw,bidirectional,0,0,0,,0,0,0
0,wuu,autoregressive,6,3,3,2.0,0,3,0
0,wuu,bidirectional,6,3,3,307.3333333333333,0,0,3
0,pfl,autoregressive,3,0,0,,0,0,0
0,pfl,bidirectional,3,3,3,307.3333333333333,0,0,3
0,rej,autoregressive,2,0,0,,0,0,0
0,rej,bidirectional,2,2,2,238.5,0,0,1
0,war,autoregressive,20,11,7,106.0,4,4,7
0,war,bidirectional,20,9,9,155.66666666666666,0,0,9
0,kal,autoregressive,10,9,5,119.88888888888889,4,4,5
0,kal,bidirectional,10,1,1,468.0,0,0,1
0,kum,autoregressive,6,5,2,128.2,3,3,2
0,kum,bidirectional,6,1,1,468.0,0,0,1
0,krc,autoregressive,10,5,2,128.2,3,3,2
0,krc,bidirectional,10,5,5,186.8,0,0,3
0,amh,autoregressive,159,111,72,49.42342342342342,39,4,68
0,amh,bidirectional,159,48,37,56.875,11,0,33
0,umb,autoregressive,11,10,7,70.3,3,3,7
0,umb,bidirectional,11,1,1,468.0,0,0,1
0,tel,autoregressive,323,282,234,38.01418439716312,48,7,228
0,tel,bidirectional,323,41,39,80.63414634146342,2,0,38
0,luo,autoregressive,11,10,7,70.3,3,3,7
0,luo,bidirectional,11,1,1,468.0,0,0,1
0,srd,autoregressive,32,29,26,97.03448275862068,3,3,26
0,srd,bidirectional,32,3,3,307.3333333333333,0,0,3
0,vro,autoregressive,4,1,1,2.0,0,0,0
0,vro,bidirectional,4,3,3,307.3333333333333,0,0,3
0,hbo,autoregressive,1,0,0,,0,0,0
0,hbo,bidirectional,1,1,1,468.0,0,0,1
0,xho,autoregressive,165,139,135,58.194244604316545,4,4,134
0,xho,bidirectional,165,26,26,93.26923076923077,0,0,26
0,evn,autoregressive,1,0,0,,0,0,0
0,evn,bidirectional,1,1,1,468.0,0,0,1
0,ban,autoregressive,12,11,8,89.72727272727273,3,3,8
0,ban,bidirectional,12,1,1,468.0,0,0,1
0,tar,autoregressive,1,0,0,,0,0,0
0,tar,bidirectional,1,1,1,468.0,0,0,1
0,mon,autoregressive,93,64,50,73.0625,14,11,46
0,mon,bidirectional,93,29,27,99.79310344827586,2,0,26
0,frp,autoregressive,5,2,2,319.0,0,0,2
0,frp,bidirectional,5,3,3,307.3333333333333,0,0,3
0,smi,autoregressive,0,0,0,,0,0,0
0,smi,bidirectional,0,0,0,,0,0,0
0,fas,autoregressive,519,412,354,28.04368932038835,58,12,344
0,fas,bidirectional,519,107,45,34.13084112149533,62,0,40
0,ckt,autoregressive,1,0,0,,0,0,0
0,ckt,bidirectional,1,1,1,468.0,0,0,1
0,pes,autoregressive,7,6,6,34.666666666666664,0,4,2
0,pes,bidirectional,7,1,1,468.0,0,0,1
0,bar,autoregressive,12,4,1,1.25,3,3,0
0,bar,bidirectional,12,8,8,174.875,0,0,8
0,sna,autoregressive,127,122,118,48.28688524590164,4,4,117
0,sna,bidirectional,127,5,5,205.2,0,0,5
0,srn,autoregressive,8,5,2,128.2,3,3,2
0,srn,bidirectional,8,3,3,307.3333333333333,0,0,3
0,egl,autoregressive,3,0,0,,0,0,0
0,egl,bidirectional,3,3,3,307.3333333333333,0,0,3
0,abq,autoregressive,1,0,0,,0,0,0
0,abq,bidirectional,1,1,1,468.0,0,0,1
0,dan,autoregressive,534,446,411,29.112107623318387,35,4,391
0,dan,bidirectional,534,88,58,41.80681818181818,30,0,46
0,nia,autoregressive,3,2,2,319.0,0,0,2
0,nia,bidirectional,3,1,1,468.0,0,0,1
0,ngu,autoregressive,5,4,2,160.0,2,2,2
0,ngu,bidirectional,5,1,1,468.0,0,0,1
0,dov,autoregressive,4,4,2,160.0,2,2,2
0,dov,bidirectional,4,0,0,,0,0,0
0,srm,autoregressive,3,2,2,319.0,0,0,2
0,srm,bidirectional,3,1,1,468.0,0,0,1
0,bre,autoregressive,51,28,24,109.78571428571429,4,4,24
0,bre,bidirectional,51,23,23,119.0,0,0,23
0,mni,autoregressive,4,3,3,219.66666666666666,0,0,3
0,mni,bidirectional,4,1,1,468.0,0,0,1
0,gla,autoregressive,69,50,41,81.72,9,4,41
0,gla,bidirectional,69,19,19,126.26315789473684,0,0,19
0,arn,autoregressive,3,2,2,319.0,0,0,2
0,arn,bidirectional,3,1,1,468.0,0,0,1
0,shp,autoregressive,3,2,2,319.0,0,0,2
0,shp,bidirectional,3,1,1,468.0,0,0,1
0,eml,autoregressive,1,0,0,,0,0,0
0,eml,bidirectional,1,1,1,468.0,0,0,1
0,cni,autoregressive,3,2,2,319.0,0,0,2
0,cni,bidirectional,3,1,1,468.0,0,0,1
0,afr,autoregressive,92,47,43,82.40425531914893,4,4,42
0,afr,bidirectional,92,45,41,74.22222222222223,4,0,37
0,cfm,autoregressive,6,5,2,128.2,3,3,2
0,cfm,bidirectional,6,1,1,468.0,0,0,1
0,pol,autoregressive,1120,1003,715,19.332003988035893,288,4,709
0,pol,bidirectional,1120,117,78,35.73504273504273,39,0,71
0,ido,autoregressive,15,7,4,74.42857142857143,3,3,4
0,ido,bidirectional,15,8,8,174.875,0,0,8
0,dik,autoregressive,4,3,3,2.0,0,3,0
0,dik,bidirectional,4,1,1,468.0,0,0,1
0,hat,autoregressive,64,51,45,88.3921568627451,6,4,43
0,hat,bidirectional,64,13,13,136.6153846153846,0,0,13
0,otq,autoregressive,6,5,2,128.2,3,3,2
0,otq,bidirectional,6,1,1,468.0,0,0,1
0,lfn,autoregressive,3,2,0,1.0,2,2,0
0,lfn,bidirectional,3,1,1,468.0,0,0,1
0,gbm,autoregressive,2,2,2,319.0,0,0,2
0,gbm,bidirectional,2,0,0,,0,0,0
0,isl,autoregressive,170,124,98,45.57258064516129,26,4,96
0,isl,bidirectional,170,46,41,75.84782608695652,5,0,41
0,ndc,autoregressive,1,0,0,,0,0,0
0,ndc,bidirectional,1,1,1,468.0,0,0,1
0,swc,autoregressive,3,2,2,39.0,0,0,2
0,swc,bidirectional,3,1,1,468.0,0,0,1
0,vls,autoregressive,5,2,0,1.0,2,2,0
0,vls,bidirectional,5,3,3,307.3333333333333,0,0,3
0,mas,autoregressive,3,2,2,319.0,0,0,2
0,mas,bidirectional,3,1,1,468.0,0,0,1
0,grc,autoregressive,13,11,2,58.81818181818182,9,4,2
0,grc,bidirectional,13,2,1,234.5,1,0,1
0,sme,autoregressive,15,10,7,99.1,3,3,7
0,sme,bidirectional,15,5,5,186.8,0,0,5
0,mlg,autoregressive,68,45,40,86.04444444444445,5,10,34
0,mlg,bidirectional,68,23,23,121.26086956521739,0,0,23
0,cjk,autoregressive,6,5,2,128.2,3,3,2
0,cjk,bidirectional,6,1,1,468.0,0,0,1
0,dar,autoregressive,4,3,0,1.0,3,3,0
0,dar,bidirectional,4,1,1,468.0,0,0,1
0,tcy,autoregressive,7,4,2,160.0,2,2,2
0,tcy,bidirectional,7,3,3,307.3333333333333,0,0,3
0,cnh,autoregressive,6,5,2,128.2,3,3,2
0,cnh,bidirectional,6,1,1,468.0,0,0,1
0,nso,autoregressive,101,97,94,50.422680412371136,3,3,94
0,nso,bidirectional,101,4,4,233.25,0,0,4
0,mwl,autoregressive,5,2,0,1.0,2,2,0
0,mwl,bidirectional,5,3,3,307.3333333333333,0,0,3
0,mfe,autoregressive,3,2,2,319.0,0,0,2
0,mfe,bidirectional,3,1,1,468.0,0,0,1
0,fra,autoregressive,6004,5589,5369,10.647879763821793,220,4,5349
0,fra,bidirectional,6004,415,267,13.6,148,0,260
0,kaa,autoregressive,14,11,2,58.81818181818182,9,8,2
0,kaa,bidirectional,14,3,3,307.3333333333333,0,0,3
0,iba,autoregressive,6,5,2,128.2,3,3,2
0,iba,bidirectional,6,1,1,468.0,0,0,1
0,kor,autoregressive,4591,4362,3247,7.758826226501605,1115,4,3236
0,kor,bidirectional,4591,229,82,16.99126637554585,147,0,79
0,mhr,autoregressive,6,3,3,2.0,0,3,0
0,mhr,bidirectional,6,3,3,307.3333333333333,0,0,3
0,pan,autoregressive,246,210,203,48.628571428571426,7,4,199
0,pan,bidirectional,246,36,35,93.30555555555556,1,0,33
0,cce,autoregressive,3,2,2,319.0,0,0,2
0,cce,bidirectional,3,1,1,468.0,0,0,1
0,ood,autoregressive,1,0,0,,0,0,0
0,ood,bidirectional,1,1,1,468.0,0,0,1
0,tsg,autoregressive,3,2,2,319.0,0,0,2
0,tsg,bidirectional,3,1,1,468.0,0,0,1
0,ava,autoregressive,20,12,9,98.0,3,3,7
0,ava,bidirectional,20,8,5,117.125,3,0,3
0,hvn,autoregressive,3,2,2,319.0,0,0,2
0,hvn,bidirectional,3,1,1,468.0,0,0,1
0,glg,autoregressive,159,130,119,54.42307692307692,11,4,116
0,glg,bidirectional,159,29,29,111.44827586206897,0,0,29
0,bos,autoregressive,90,64,56,77.359375,8,8,56
0,bos,bidirectional,90,26,26,109.96153846153847,0,0,25
0,gle,autoregressive,181,153,149,52.3921568627451,4,4,149
0,gle,bidirectional,181,28,28,107.03571428571429,0,0,28
0,msi,autoregressive,2,2,2,319.0,0,0,2
0,msi,bidirectional,2,0,0,,0,0,0
0,rup,autoregressive,3,0,0,,0,0,0
0,rup,bidirectional,3,3,3,307.3333333333333,0,0,3
0,twi,autoregressive,111,106,106,45.14150943396226,0,3,102
0,twi,bidirectional,111,5,3,99.8,2,0,2
0,yid,autoregressive,140,122,71,32.08196721311475,51,8,66
0,yid,bidirectional,140,18,18,128.44444444444446,0,0,18
0,mgh,autoregressive,5,4,2,160.0,2,2,2
0,mgh,bidirectional,5,1,1,468.0,0,0,1
0,hau,autoregressive,109,73,68,70.61643835616438,5,4,65
0,hau,bidirectional,109,36,33,72.58333333333333,3,0,30
0,ady,autoregressive,6,5,2,128.2,3,3,2
0,ady,bidirectional,6,1,1,468.0,0,0,1
0,fij,autoregressive,11,9,6,128.77777777777777,3,3,6
0,fij,bidirectional,11,2,2,277.5,0,0,2
0,min,autoregressive,18,9,9,108.66666666666667,0,3,6
0,min,bidirectional,18,9,9,156.44444444444446,0,0,8
0,qub,autoregressive,3,2,2,319.0,0,0,2
0,qub,bidirectional,3,1,1,468.0,0,0,1
0,jam,autoregressive,5,2,2,319.0,0,0,2
0,jam,bidirectional,5,3,3,307.3333333333333,0,0,3
0,ewe,autoregressive,20,18,14,76.16666666666667,4,3,14
0,ewe,bidirectional,20,2,2,242.5,0,0,2
0,cbk,autoregressive,5,2,2,319.0,0,0,2
0,cbk,bidirectional,5,3,3,307.3333333333333,0,0,3
0,tet,autoregressive,9,6,3,107.16666666666667,3,3,3
0,tet,bidirectional,9,3,3,307.3333333333333,0,0,3
0,bug,autoregressive,6,3,0,1.0,3,3,0
0,bug,bidirectional,6,3,3,159.66666666666666,0,0,1
0,dtp,autoregressive,3,2,2,319.0,0,0,2
0,dtp,bidirectional,3,1,1,468.0,0,0,1
0,iso,autoregressive,5,4,2,160.0,2,2,2
0,iso,bidirectional,5,1,1,468.0,0,0,1
0,azb,autoregressive,9,6,6,33.666666666666664,0,4,2
0,azb,bidirectional,9,3,3,307.3333333333333,0,0,3
0,gan,autoregressive,1,1,0,1.0,1,0,0
0,gan,bidirectional,1,0,0,,0,0,0
0,ita,autoregressive,4916,4684,4483,10.970751494449189,201,4,4467
0,ita,bidirectional,4916,232,176,20.538793103448278,56,0,170
0,apc,autoregressive,3,2,2,2.0,0,2,0
0,apc,bidirectional,3,1,1,468.0,0,0,1
0,ksh,autoregressive,3,0,0,,0,0,0
0,ksh,bidirectional,3,3,3,307.3333333333333,0,0,3
0,mal,autoregressive,286,241,226,43.21576763485477,15,6,220
0,mal,bidirectional,286,45,40,75.13333333333334,5,0,38
0,poh,autoregressive,1,0,0,,0,0,0
0,poh,bidirectional,1,1,1,468.0,0,0,1
0,acm,autoregressive,1,0,0,,0,0,0
0,acm,bidirectional,1,1,1,468.0,0,0,1
0,chk,autoregressive,3,2,2,319.0,0,0,2
0,chk,bidirectional,3,1,1,468.0,0,0,1
0,bua,autoregressive,10,9,6,72.22222222222223,3,6,3
0,bua,bidirectional,10,1,1,468.0,0,0,1
0,nog,autoregressive,3,2,2,319.0,0,0,2
0,nog,bidirectional,3,1,1,468.0,0,0,1
0,tha,autoregressive,3038,2935,2873,11.058603066439524,62,4,2865
0,tha,bidirectional,3038,103,79,35.49514563106796,24,0,78
0,ang,autoregressive,7,4,2,160.0,2,2,2
0,ang,bidirectional,7,3,3,307.3333333333333,0,0,3
0,uzn,autoregressive,9,8,8,2.0,0,8,0
0,uzn,bidirectional,9,1,1,468.0,0,0,1
0,arb,autoregressive,2103,1826,1658,16.720700985761226,168,13,1633
0,arb,bidirectional,2103,277,143,17.223826714801444,134,0,130
0,ilo,autoregressive,11,8,5,121.375,3,3,5
0,ilo,bidirectional,11,3,3,307.3333333333333,0,0,3
0,quz,autoregressive,3,2,2,2.0,0,2,0
0,quz,bidirectional,3,1,1,468.0,0,0,1
0,vec,autoregressive,12,9,5,108.0,4,4,5
0,vec,bidirectional,12,3,3,307.3333333333333,0,0,3
0,pls,autoregressive,1,0,0,,0,0,0
0,pls,bidirectional,1,1,1,468.0,0,0,1
0,mus,autoregressive,1,0,0,,0,0,0
0,mus,bidirectional,1,1,1,468.0,0,0,1
0,prs,autoregressive,8,7,7,48.285714285714285,0,4,3
0,prs,bidirectional,8,1,1,468.0,0,0,1
0,kek,autoregressive,3,2,2,319.0,0,0,2
0,kek,bidirectional,3,1,1,468.0,0,0,1
0,dsb,autoregressive,3,0,0,,0,0,0
0,dsb,bidirectional,3,3,3,307.3333333333333,0,0,3
0,ast,autoregressive,31,23,18,54.04347826086956,5,4,17
0,ast,bidirectional,31,8,8,174.875,0,0,8
0,nor,autoregressive,381,327,293,27.440366972477065,34,12,263
0,nor,bidirectional,381,54,52,45.75925925925926,2,0,28
0,urd,autoregressive,321,239,225,47.1673640167364,14,4,223
0,urd,bidirectional,321,82,71,42.292682926829265,11,0,67
0,kea,autoregressive,14,13,10,79.46153846153847,3,3,10
0,kea,bidirectional,14,1,1,468.0,0,0,1
0,tls,autoregressive,0,0,0,,0,0,0
0,tls,bidirectional,0,0,0,,0,0,0
0,kac,autoregressive,6,5,2,128.2,3,3,2
0,kac,bidirectional,6,1,1,468.0,0,0,1
0,maz,autoregressive,3,2,2,319.0,0,0,2
0,maz,bidirectional,3,1,1,468.0,0,0,1
0,quh,autoregressive,3,2,2,319.0,0,0,2
0,quh,bidirectional,3,1,1,468.0,0,0,1
0,acr,autoregressive,1,0,0,,0,0,0
0,acr,bidirectional,1,1,1,468.0,0,0,1
0,pus,autoregressive,84,51,46,84.72549019607843,5,8,42
0,pus,bidirectional,84,33,33,85.06060606060606,0,0,30
0,gag,autoregressive,5,2,2,319.0,0,0,2
0,gag,bidirectional,5,3,3,307.3333333333333,0,0,3
0,nzi,autoregressive,5,4,2,160.0,2,2,2
0,nzi,bidirectional,5,1,1,468.0,0,0,1
0,hin,autoregressive,2786,2630,2587,12.811406844106465,43,8,2579
0,hin,bidirectional,2786,156,141,30.076923076923077,15,0,127
0,bcl,autoregressive,5,2,2,2.0,0,2,0
0,bcl,bidirectional,5,3,3,307.3333333333333,0,0,3
0,cor,autoregressive,12,8,6,137.25,2,2,6
0,cor,bidirectional,12,4,4,237.75,0,0,4
0,inh,autoregressive,3,2,0,1.0,2,2,0
0,inh,bidirectional,3,1,1,468.0,0,0,1
0,jbo,autoregressive,3,0,0,,0,0,0
0,jbo,bidirectional,3,3,3,307.3333333333333,0,0,3
0,yua,autoregressive,6,5,2,128.2,3,3,2
0,yua,bidirectional,6,1,1,468.0,0,0,1
0,cab,autoregressive,3,2,2,319.0,0,0,2
0,cab,bidirectional,3,1,1,468.0,0,0,1
0,lez,autoregressive,5,2,0,1.0,2,2,0
0,lez,bidirectional,5,3,3,307.3333333333333,0,0,3
0,ndo,autoregressive,3,2,2,161.5,0,0,2
0,ndo,bidirectional,3,1,1,468.0,0,0,1
0,kbd,autoregressive,10,6,2,107.0,4,3,2
0,kbd,bidirectional,10,4,4,231.25,0,0,3
0,zho,autoregressive,6398,5993,5405,7.075588186217254,588,20,5353
0,zho,bidirectional,6398,405,196,12.207407407407407,209,0,189
0,meo,autoregressive,4,4,4,160.5,0,2,2
0,meo,bidirectional,4,0,0,,0,0,0
0,yao,autoregressive,1,0,0,,0,0,0
0,yao,bidirectional,1,1,1,468.0,0,0,1
0,lit,autoregressive,207,162,154,51.60493827160494,8,4,152
0,lit,bidirectional,207,45,44,81.95555555555555,1,0,44
0,vol,autoregressive,12,4,1,46.5,3,3,1
0,vol,bidirectional,12,8,8,174.875,0,0,8
0,afb,autoregressive,4,3,3,2.0,0,3,0
0,afb,bidirectional,4,1,1,468.0,0,0,1
0,nya,autoregressive,122,121,117,50.12396694214876,4,4,117
0,nya,bidirectional,122,1,1,468.0,0,0,1
0,yor,autoregressive,195,179,174,52.79329608938548,5,4,171
0,yor,bidirectional,195,16,15,104.0625,1,0,14
0,kin,autoregressive,113,107,99,47.981308411214954,8,4,99
0,kin,bidirectional,113,6,6,164.83333333333334,0,0,5
0,tdx,autoregressive,5,4,4,160.5,0,2,2
0,tdx,bidirectional,5,1,1,468.0,0,0,1
0,sin,autoregressive,127,86,42,45.01162790697674,44,4,42
0,sin,bidirectional,127,41,29,68.90243902439025,12,0,26
0,ydd,autoregressive,5,4,4,2.0,0,4,0
0,ydd,bidirectional,5,1,1,468.0,0,0,1
0,aii,autoregressive,1,0,0,,0,0,0
0,aii,bidirectional,1,1,1,468.0,0,0,1
0,yue,autoregressive,34,32,13,33.0625,19,3,10
0,yue,bidirectional,34,2,1,234.5,1,0,1
0,nah,autoregressive,1,0,0,,0,0,0
0,nah,bidirectional,1,1,1,468.0,0,0,1
0,nnb,autoregressive,7,6,4,119.66666666666667,2,2,4
0,nnb,bidirectional,7,1,1,468.0,0,0,1
0,shn,autoregressive,8,7,2,91.85714285714286,5,3,2
0,shn,bidirectional,8,1,1,468.0,0,0,1
0,wln,autoregressive,10,7,3,117.85714285714286,4,4,3
0,wln,bidirectional,10,3,3,307.3333333333333,0,0,3
0,kan,autoregressive,252,217,210,46.525345622119815,7,4,204
0,kan,bidirectional,252,35,33,95.48571428571428,2,0,33
0,slv,autoregressive,248,196,187,42.72959183673469,9,4,185
0,slv,bidirectional,248,52,41,67.57692307692308,11,0,40
0,gym,autoregressive,10,9,9,72.88888888888889,0,0,9
0,gym,bidirectional,10,1,1,468.0,0,0,1
0,mic,autoregressive,1,0,0,,0,0,0
0,mic,bidirectional,1,1,1,468.0,0,0,1
0,ctp,autoregressive,1,0,0,,0,0,0
0,ctp,bidirectional,1,1,1,468.0,0,0,1
0,ell,autoregressive,470,366,333,32.80054644808743,33,8,330
0,ell,bidirectional,470,104,81,39.625,23,0,79
0,bew,autoregressive,10,8,2,80.5,6,6,2
0,bew,bidirectional,10,2,2,238.5,0,0,1
0,ful,autoregressive,37,37,34,102.13513513513513,3,6,31
0,ful,bidirectional,37,0,0,,0,0,0
0,mzn,autoregressive,3,0,0,,0,0,0
0,mzn,bidirectional,3,3,3,307.3333333333333,0,0,3
0,gug,autoregressive,1,0,0,,0,0,0
0,gug,bidirectional,1,1,1,468.0,0,0,1
0,mdf,autoregressive,7,4,2,160.0,2,2,2
0,mdf,bidirectional,7,3,3,307.3333333333333,0,0,3
0,ukr,autoregressive,609,525,493,29.80952380952381,32,4,490
0,ukr,bidirectional,609,84,67,45.654761904761905,17,0,57
0,sqi,autoregressive,85,53,40,74.83018867924528,13,8,36
0,sqi,bidirectional,85,32,32,105.125,0,0,32
0,heb,autoregressive,469,402,375,30.860696517412936,27,4,373
0,heb,bidirectional,469,67,47,53.149253731343286,20,0,44
0,knv,autoregressive,1,0,0,,0,0,0
0,knv,bidirectional,1,1,1,468.0,0,0,1
0,fip,autoregressive,2,2,2,319.0,0,0,2
0,fip,bidirectional,2,0,0,,0,0,0
0,plt,autoregressive,5,4,4,2.0,0,4,0
0,plt,bidirectional,5,1,1,468.0,0,0,1
0,kas,autoregressive,16,14,12,86.14285714285714,2,2,12
0,kas,bidirectional,16,2,2,277.5,0,0,2
0,bem,autoregressive,6,5,2,16.2,3,3,2
0,bem,bidirectional,6,1,1,468.0,0,0,1
0,div,autoregressive,20,16,6,72.875,10,4,6
0,div,bidirectional,20,4,4,253.0,0,0,4
0,ton,autoregressive,9,6,3,137.33333333333334,3,3,3
0,ton,bidirectional,9,3,3,307.3333333333333,0,0,3
0,xmf,autoregressive,5,2,0,1.0,2,2,0
0,xmf,bidirectional,5,3,3,307.3333333333333,0,0,3
0,new,autoregressive,50,7,4,92.14285714285714,3,3,2
0,new,bidirectional,50,43,12,36.906976744186046,31,0,12
0,nbl,autoregressive,6,4,4,240.25,0,0,4
0,nbl,bidirectional,6,2,2,239.5,0,0,2
0,slk,autoregressive,218,163,153,49.441717791411044,10,4,150
0,slk,bidirectional,218,55,44,64.30909090909091,11,0,43
0,nep,autoregressive,311,269,254,43.85130111524163,15,4,254
0,nep,bidirectional,311,42,34,80.45238095238095,8,0,31
0,mai,autoregressive,14,9,6,110.22222222222223,3,3,6
0,mai,bidirectional,14,5,5,189.6,0,0,3
0,pcm,autoregressive,11,8,5,16.375,3,3,5
0,pcm,bidirectional,11,3,3,161.66666666666666,0,0,2
0,kha,autoregressive,6,5,2,128.2,3,3,2
0,kha,bidirectional,6,1,1,468.0,0,0,1
0,tiv,autoregressive,5,4,2,160.0,2,2,2
0,tiv,bidirectional,5,1,1,468.0,0,0,1
0,btx,autoregressive,3,2,2,319.0,0,0,2
0,btx,bidirectional,3,1,1,468.0,0,0,1
0,ori,autoregressive,213,187,181,50.336898395721924,6,4,181
0,ori,bidirectional,213,26,25,99.6923076923077,1,0,23
0,gom,autoregressive,12,9,3,73.88888888888889,6,6,3
0,gom,bidirectional,12,3,3,164.66666666666666,0,0,1
0,tuc,autoregressive,3,2,2,319.0,0,0,2
0,tuc,bidirectional,3,1,1,468.0,0,0,1
0,qvi,autoregressive,3,2,2,319.0,0,0,2
0,qvi,bidirectional,3,1,1,468.0,0,0,1
0,meu,autoregressive,3,2,2,319.0,0,0,2
0,meu,bidirectional,3,1,1,468.0,0,0,1
0,aka,autoregressive,117,109,105,48.92660550458716,4,6,101
0,aka,bidirectional,117,8,6,61.5,2,0,2
0,hil,autoregressive,6,5,2,128.2,3,3,2
0,hil,bidirectional,6,1,1,468.0,0,0,1
0,haw,autoregressive,7,6,2,107.0,4,4,2
0,haw,bidirectional,7,1,1,468.0,0,0,1
0,kur,autoregressive,78,55,46,79.92727272727272,9,15,39
0,kur,bidirectional,78,23,22,89.78260869565217,1,0,22
0,rmc,autoregressive,5,4,2,160.0,2,2,2
0,rmc,bidirectional,5,1,1,468.0,0,0,1
0,kpv,autoregressive,3,2,2,2.0,0,2,0
0,kpv,bidirectional,3,1,1,468.0,0,0,1
0,cha,autoregressive,17,13,13,92.38461538461539,0,0,13
0,cha,bidirectional,17,4,4,121.5,0,0,3
0,kaz,autoregressive,104,63,54,84.5079365079365,9,4,54
0,kaz,bidirectional,104,41,40,82.78048780487805,1,0,39
0,hus,autoregressive,3,2,2,319.0,0,0,2
0,hus,bidirectional,3,1,1,468.0,0,0,1
0,jav,autoregressive,172,136,126,45.72794117647059,10,4,122
0,jav,bidirectional,172,36,28,84.33333333333333,8,0,27
0,tvl,autoregressive,3,2,2,319.0,0,0,2
0,tvl,bidirectional,3,1,1,468.0,0,0,1
0,kat,autoregressive,98,63,55,85.44444444444444,8,6,55
0,kat,bidirectional,98,35,33,95.85714285714286,2,0,33
0,rki,autoregressive,2,2,2,319.0,0,0,2
0,rki,bidirectional,2,0,0,,0,0,0
0,xal,autoregressive,10,9,7,98.11111111111111,2,2,7
0,xal,bidirectional,10,1,1,468.0,0,0,1
0,san,autoregressive,71,48,38,67.6875,10,6,38
0,san,bidirectional,71,23,23,106.43478260869566,0,0,20
0,ind,autoregressive,972,771,661,23.95330739299611,110,4,640
0,ind,bidirectional,972,201,71,19.104477611940297,130,0,66
0,nan,autoregressive,6,3,3,2.0,0,3,0
0,nan,bidirectional,6,3,3,307.3333333333333,0,0,3
0,bho,autoregressive,12,9,6,112.77777777777777,3,3,6
0,bho,bidirectional,12,3,3,307.3333333333333,0,0,3
0,epo,autoregressive,74,52,46,83.59615384615384,6,4,46
0,epo,bidirectional,74,22,22,114.5909090909091,0,0,22
0,dty,autoregressive,3,0,0,,0,0,0
0,dty,bidirectional,3,3,3,307.3333333333333,0,0,3
0,noa,autoregressive,3,2,2,319.0,0,0,2
0,noa,bidirectional,3,1,1,468.0,0,0,1
0,spa,autoregressive,5646,5092,4860,11.027297721916732,232,4,4820
0,spa,bidirectional,5646,554,263,10.176895306859207,291,0,256
0,xav,autoregressive,1,0,0,,0,0,0
0,xav,bidirectional,1,1,1,468.0,0,0,1
0,hsb,autoregressive,7,4,0,1.0,4,3,0
0,hsb,bidirectional,7,3,3,307.3333333333333,0,0,3
0,tso,autoregressive,103,100,97,51.46,3,3,97
0,tso,bidirectional,103,3,3,163.66666666666666,0,0,2
